pdbid	set
10gs	val
185l	val
186l	val
187l	val
188l	val
1a1e	val
1a28	val
1a30	val
1a4k	val
1a4r	val
1a4w	val
1a69	val
1a94	val
1a99	val
1a9m	val
1a9q	val
1add	val
1adl	val
1ado	val
1afk	val
1ai5	val
1ai7	val
1aid	val
1aj7	val
1ajn	val
1ajp	val
1ajq	val
1ajv	val
1alw	val
1amk	val
1amw	val
1atr	val
1avn	val
1ax0	val
1azm	val
1b05	val
1b0h	val
1b1h	val
1b32	val
1b38	val
1b3f	val
1b3g	val
1b3h	val
1b3l	val
1b40	val
1b4h	val
1b4z	val
1b51	val
1b55	val
1b57	val
1b58	val
1b5i	val
1b5j	val
1b6k	val
1b6l	val
1b7h	val
1b8n	val
1b8y	val
1b9j	val
1bai	val
1bcd	val
1bcu	val
1bdq	val
1bgq	val
1bhf	val
1bhx	val
1bju	val
1bjv	val
1bm7	val
1bma	val
1bn1	val
1bnt	val
1bnu	val
1bnv	val
1bnw	val
1bp0	val
1bq4	val
1br6	val
1bty	val
1bv7	val
1bv9	val
1bwa	val
1bwb	val
1bxo	val
1bxq	val
1bxr	val
1bzc	val
1bzj	val
1bzy	val
1c1r	val
1c1u	val
1c1v	val
1c3x	val
1c4u	val
1c5c	val
1c5n	val
1c5p	val
1c5q	val
1c5s	val
1c5x	val
1c5y	val
1c70	val
1c84	val
1c86	val
1c87	val
1c88	val
1cbx	val
1ceb	val
1cet	val
1cgl	val
1ciz	val
1cnw	val
1cny	val
1ctt	val
1ctu	val
1d09	val
1d2e	val
1d3d	val
1d3p	val
1d4h	val
1d4i	val
1d4j	val
1d4k	val
1d4l	val
1d4p	val
1d4y	val
1d6w	val
1d7i	val
1d7j	val
1d9i	val
1dar	val
1det	val
1dgm	val
1dhi	val
1dhj	val
1dif	val
1dqn	val
1drj	val
1drk	val
1drv	val
1duv	val
1dy4	val
1dzk	val
1e1v	val
1e1x	val
1e2l	val
1e3g	val
1e3v	val
1e4h	val
1e5j	val
1e66	val
1e6q	val
1e6s	val
1ebw	val
1eby	val
1ec0	val
1ec1	val
1ec2	val
1ec3	val
1ecq	val
1ecv	val
1efy	val
1egh	val
1ejn	val
1elb	val
1elc	val
1eld	val
1ele	val
1elr	val
1enu	val
1epo	val
1erb	val
1ew9	val
1ex8	val
1ez9	val
1f0r	val
1f0s	val
1f0t	val
1f0u	val
1f3e	val
1f4e	val
1f4f	val
1f4g	val
1f4x	val
1f5l	val
1f73	val
1f74	val
1f8b	val
1f8e	val
1fcx	val
1fcy	val
1fcz	val
1fd0	val
1fh7	val
1fh8	val
1fh9	val
1fhd	val
1fiv	val
1fjs	val
1fkb	val
1fkf	val
1fkg	val
1fkh	val
1fki	val
1fkw	val
1flr	val
1fm9	val
1fo0	val
1fq5	val
1ft7	val
1ftm	val
1fv0	val
1fzm	val
1fzo	val
1fzq	val
1g1d	val
1g2l	val
1g2o	val
1g30	val
1g32	val
1g35	val
1g36	val
1g3d	val
1g3e	val
1g45	val
1g46	val
1g48	val
1g4o	val
1g53	val
1g54	val
1g74	val
1g7f	val
1g7g	val
1g7q	val
1g85	val
1g98	val
1gai	val
1ghv	val
1ghw	val
1ghy	val
1ghz	val
1gi4	val
1gj6	val
1gjc	val
1gnm	val
1gnn	val
1gno	val
1gpk	val
1gpn	val
1grp	val
1gvw	val
1gvx	val
1gwv	val
1gx8	val
1gyx	val
1gyy	val
1h0a	val
1h1s	val
1h22	val
1h23	val
1h2k	val
1h2t	val
1h4w	val
1h5v	val
1h6h	val
1hee	val
1hfs	val
1hi5	val
1hih	val
1hii	val
1hk4	val
1hlk	val
1hmr	val
1hms	val
1hmt	val
1hn4	val
1hos	val
1hp5	val
1hpo	val
1hps	val
1hpv	val
1hpx	val
1hsh	val
1hsl	val
1hvh	val
1hvk	val
1hvl	val
1hvr	val
1hvs	val
1hwr	val
1hxb	val
1hxw	val
1hyo	val
1i1e	val
1i2s	val
1i37	val
1i7z	val
1i9n	val
1i9p	val
1ie9	val
1if7	val
1igb	val
1igj	val
1ii5	val
1ik4	val
1ivp	val
1iy7	val
1izh	val
1izi	val
1j01	val
1j14	val
1j16	val
1j17	val
1j36	val
1j37	val
1jak	val
1jaq	val
1jcx	val
1jet	val
1jeu	val
1jev	val
1jlr	val
1jmf	val
1jmg	val
1jn4	val
1jq8	val
1jqy	val
1jsv	val
1jvu	val
1jyq	val
1jys	val
1k1i	val
1k1j	val
1k1l	val
1k1m	val
1k1o	val
1k21	val
1k27	val
1k4g	val
1k4h	val
1k6c	val
1k6p	val
1k6t	val
1k6v	val
1kav	val
1kc7	val
1kel	val
1kjr	val
1km3	val
1kmy	val
1koj	val
1kpm	val
1ksn	val
1kui	val
1kuk	val
1kv1	val
1kv5	val
1kyv	val
1kzn	val
1l83	val
1l8g	val
1laf	val
1lag	val
1lah	val
1lan	val
1lbk	val
1lcp	val
1lee	val
1lf2	val
1lgt	val
1lgw	val
1li2	val
1li3	val
1li6	val
1lke	val
1lkk	val
1lkl	val
1loq	val
1lpg	val
1lpk	val
1lpz	val
1lst	val
1lvu	val
1lyx	val
1m0b	val
1m0n	val
1m0o	val
1m1b	val
1m2p	val
1m2q	val
1m2r	val
1m2x	val
1m48	val
1m4h	val
1m7i	val
1m83	val
1mai	val
1met	val
1mfa	val
1mfd	val
1mfi	val
1mh5	val
1mjj	val
1mmq	val
1mmr	val
1moq	val
1mq5	val
1mq6	val
1mrn	val
1mrw	val
1mrx	val
1msn	val
1mtr	val
1mu6	val
1mu8	val
1mue	val
1my4	val
1n0s	val
1n3i	val
1n46	val
1n4h	val
1n4k	val
1n5r	val
1nc3	val
1ndv	val
1ndy	val
1ndz	val
1nf8	val
1nfu	val
1nfw	val
1nfx	val
1nhu	val
1nhz	val
1nja	val
1njc	val
1njd	val
1nje	val
1njs	val
1nki	val
1nli	val
1nm6	val
1nny	val
1no6	val
1np0	val
1nq7	val
1nt1	val
1nvq	val
1nw4	val
1nw5	val
1nwl	val
1nz7	val
1o0f	val
1o0m	val
1o1s	val
1o2h	val
1o2j	val
1o2n	val
1o2o	val
1o2q	val
1o2r	val
1o2w	val
1o2z	val
1o30	val
1o35	val
1o36	val
1o3d	val
1o3f	val
1o3i	val
1o3j	val
1o3l	val
1o5a	val
1o5e	val
1o5g	val
1o7o	val
1oar	val
1oau	val
1oba	val
1ocq	val
1od8	val
1odj	val
1ogg	val
1ogx	val
1ogz	val
1ohr	val
1oif	val
1okl	val
1ols	val
1olu	val
1olx	val
1om1	val
1ony	val
1onz	val
1ork	val
1os0	val
1os5	val
1oss	val
1owh	val
1oxr	val
1oyq	val
1oyt	val
1oz0	val
1p19	val
1p1n	val
1p1q	val
1p57	val
1pa9	val
1pb8	val
1pfu	val
1pgp	val
1phw	val
1pkx	val
1pme	val
1ppc	val
1ppi	val
1ppk	val
1ppl	val
1ppm	val
1pr5	val
1pro	val
1ps3	val
1px4	val
1pxn	val
1pxp	val
1pyn	val
1pz5	val
1pzi	val
1pzp	val
1q1g	val
1q5k	val
1q65	val
1q72	val
1q7a	train
1q84	train
1q8t	train
1q8u	train
1q8w	train
1q91	train
1qaw	train
1qb1	train
1qb6	train
1qb9	train
1qbo	train
1qbq	train
1qbr	train
1qbu	train
1qbv	train
1qf0	train
1qf1	train
1qf2	train
1qft	train
1qhc	train
1qin	train
1qji	train
1qk3	train
1qk4	train
1qkb	train
1qkt	train
1ql7	train
1ql9	train
1qxl	train
1qyg	train
1r0p	train
1r1h	train
1r5y	train
1r9l	train
1rd4	train
1rjk	train
1rmz	train
1rnm	train
1rnt	train
1ro6	train
1rp7	train
1rpf	train
1rpj	train
1rql	train
1rtf	train
1s38	train
1s39	train
1s5z	train
1sb1	train
1sbg	train
1sdt	train
1sdu	train
1sdv	train
1sgu	train
1sh9	train
1sl3	train
1sld	train
1sln	train
1sqa	train
1sqo	train
1sqt	train
1sr7	train
1srg	train
1stc	train
1str	train
1sv3	train
1sw2	train
1swg	train
1swr	train
1syh	train
1syi	train
1szd	train
1t31	train
1t32	train
1t4v	train
1t5f	train
1t7d	train
1t7j	train
1ta6	train
1tcx	train
1tjp	train
1tkb	train
1tlp	train
1tmn	train
1tng	train
1tnh	train
1tni	train
1tom	train
1tpw	train
1tq4	train
1trd	train
1ttm	train
1tx7	train
1txr	train
1u0g	train
1u1b	train
1u1w	train
1u33	train
1ua4	train
1ucn	train
1uho	train
1ui0	train
1uj5	train
1uou	train
1upf	train
1ur9	train
1usi	train
1usk	train
1usn	train
1utj	train
1utl	train
1utm	train
1utn	train
1uto	train
1uw6	train
1uwf	train
1uwt	train
1uwu	train
1uz1	train
1uz8	train
1v0k	train
1v0l	train
1v11	train
1v16	train
1v1j	train
1v1m	train
1v2j	train
1v2l	train
1v2n	train
1v2o	train
1v2r	train
1v2s	train
1v2u	train
1v48	train
1v7a	train
1vfn	train
1vso	train
1vyf	train
1vyg	train
1vzq	train
1w0z	train
1w11	train
1w13	train
1w3j	train
1w3k	train
1w3l	train
1w4o	train
1w4p	train
1w4q	train
1w5v	train
1w5w	train
1w5x	train
1w96	train
1w9v	train
1wcq	train
1wdn	train
1wht	train
1wm1	train
1ws1	train
1ws4	train
1wur	train
1wvj	train
1x38	train
1x8d	train
1x8j	train
1x8r	train
1xap	train
1xbo	train
1xd0	train
1xgi	train
1xh4	train
1xh5	train
1xh9	train
1xhy	train
1xjd	train
1xk5	train
1xk9	train
1xka	train
1xkk	train
1xpz	train
1xq0	train
1xr9	train
1xug	train
1xws	train
1y0l	train
1y1z	train
1y20	train
1y3n	train
1y3p	train
1y3x	train
1y6q	train
1yc1	train
1yc4	train
1yda	train
1ydb	train
1ydk	train
1yds	train
1ydt	train
1yei	train
1yej	train
1yet	train
1yfz	train
1yp9	train
1ype	train
1ypg	train
1yq7	train
1yqj	train
1yqy	train
1yvm	train
1z6e	train
1z6s	train
1z71	train
1z95	train
1z9g	train
1z9y	train
1zc9	train
1zdp	train
1zea	train
1zfq	train
1zgi	train
1zhy	train
1zoe	train
1zog	train
1zoh	train
1zp8	train
1zpa	train
1zsf	train
2a14	train
2a5b	train
2a5c	train
2a5s	train
2a8g	train
2afw	train
2afx	train
2aj8	train
2am4	train
2amt	train
2ans	train
2aoc	train
2aod	train
2aog	train
2aqu	train
2arm	train
2avm	train
2avo	train
2avq	train
2avs	train
2ax9	train
2azr	train
2b07	train
2b1g	train
2b1i	train
2b4l	train
2b7d	train
2b9a	train
2baj	train
2bak	train
2bal	train
2bes	train
2bet	train
2bfq	train
2bfr	train
2bmk	train
2bo4	train
2boh	train
2boj	train
2bok	train
2bpv	train
2bpy	train
2bq7	train
2br1	train
2brb	train
2brm	train
2buv	train
2bvs	train
2bys	train
2bz6	train
2c1p	train
2c3i	train
2c3l	train
2c92	train
2c94	train
2cbj	train
2cbu	train
2cbv	train
2cbz	train
2cc7	train
2ccb	train
2ccc	train
2ce9	train
2cej	train
2cen	train
2ceq	train
2cer	train
2cet	train
2cf8	train
2cf9	train
2cgf	train
2cgr	train
2cht	train
2cle	train
2clh	train
2cli	train
2clk	train
2csn	train
2ctc	train
2d0k	train
2d1n	train
2d1o	train
2d3u	train
2d3z	train
2doo	train
2drc	train
2dw7	train
2e1w	train
2e27	train
2e2p	train
2e2r	train
2e7f	train
2e91	train
2e92	train
2e94	train
2e9u	train
2epn	train
2erz	train
2euk	train
2evl	train
2ews	train
2exm	train
2ez7	train
2f1g	train
2f2h	train
2f34	train
2f35	train
2f6t	train
2f7o	train
2f7p	train
2f80	train
2f81	train
2f8g	train
2f9k	train
2fdp	train
2fgv	train
2fle	train
2fpz	train
2fqo	train
2fqt	train
2fqx	train
2fqy	train
2fu8	train
2fw6	train
2fx6	train
2fxs	train
2fxu	train
2fzc	train
2fzk	train
2g5u	train
2g94	train
2gh9	train
2gj5	train
2gkl	train
2gl0	train
2glp	train
2gss	train
2gst	train
2gsu	train
2gv6	train
2gv7	train
2gvj	train
2gvv	train
2gyi	train
2gz2	train
2gzl	train
2h15	train
2h3e	train
2h4g	train
2h4k	train
2h4n	train
2h6t	train
2ha2	train
2ha3	train
2ha6	train
2hah	train
2hb1	train
2hb3	train
2hjb	train
2hkf	train
2hl4	train
2hmu	train
2hmv	train
2hnc	train
2hnx	train
2hoc	train
2hu6	train
2hxm	train
2hzl	train
2hzy	train
2i19	train
2i2c	train
2i3h	train
2i3i	train
2i4d	train
2i4j	train
2i4u	train
2i4v	train
2i4w	train
2i4x	train
2i4z	train
2i80	train
2idw	train
2ihj	train
2iko	train
2iuz	train
2iwx	train
2izl	train
2j27	train
2j2u	train
2j34	train
2j47	train
2j4g	train
2j4i	train
2j62	train
2j75	train
2j77	train
2j79	train
2j7b	train
2j7d	train
2j7e	train
2j7f	train
2j7g	train
2j94	train
2j95	train
2jdm	train
2jdp	train
2jds	train
2jdu	train
2jew	train
2jf4	train
2jfz	train
2jg0	train
2jgs	train
2jh0	train
2jh5	train
2jh6	train
2jiw	train
2jjb	train
2jke	train
2jkh	train
2jkp	train
2mas	train
2nmx	train
2nmz	train
2nn1	train
2nn7	train
2nnd	train
2nsj	train
2nsl	train
2nt7	train
2nta	train
2o0u	train
2o4k	train
2o4l	train
2o4n	train
2o4r	train
2o4z	train
2o8h	train
2oag	train
2oax	train
2oc2	train
2ogy	train
2oi0	train
2oi2	train
2oiq	train
2ojg	train
2ojj	train
2olb	train
2ole	train
2ot1	train
2ovv	train
2ovy	train
2oxd	train
2oxn	train
2oxx	train
2oxy	train
2oym	train
2p09	train
2p16	train
2p3a	train
2p3b	train
2p3c	train
2p3i	train
2p4s	train
2p7a	train
2p7g	train
2p7z	train
2p95	train
2pcp	train
2pgz	train
2pk6	train
2pou	train
2pov	train
2pow	train
2pq9	train
2pqb	train
2pql	train
2pqz	train
2psu	train
2psv	train
2ptz	train
2pu1	train
2pu2	train
2pv1	train
2pvl	train
2pvm	train
2pvu	train
2py4	train
2pyy	train
2q1q	train
2q38	train
2q54	train
2q55	train
2q63	train
2q64	train
2q6f	train
2q88	train
2q89	train
2q8h	train
2q8m	train
2q8z	train
2qbp	train
2qbr	train
2qbs	train
2qbu	train
2qbw	train
2qd6	train
2qd7	train
2qdt	train
2qe4	train
2qg0	train
2qg2	train
2qhy	train
2qhz	train
2qi0	train
2qi1	train
2qi3	train
2qi4	train
2qi5	train
2qi6	train
2qi7	train
2qm9	train
2qmg	train
2qnp	train
2qnq	train
2qpq	train
2qpu	train
2qrl	train
2qta	train
2qtg	train
2qtn	train
2qu6	train
2qw1	train
2qwb	train
2qwc	train
2qwd	train
2qwe	train
2qwf	train
2qzr	train
2r0z	train
2r1y	train
2r23	train
2r2m	train
2r2w	train
2r38	train
2r3t	train
2r3w	train
2r43	train
2r58	train
2r5a	train
2r75	train
2r9w	train
2r9x	train
2ra0	train
2ra6	train
2reg	train
2rfh	train
2rk8	train
2rkd	train
2rkf	train
2sim	train
2std	train
2tmn	train
2tpi	train
2uwl	train
2uwo	train
2uxi	train
2uy0	train
2uy3	train
2uyq	train
2v25	train
2v2c	train
2v2h	train
2v2q	train
2v2v	train
2v3d	train
2v3u	train
2v58	train
2v59	train
2v77	train
2v7a	train
2v8w	train
2vb8	train
2vba	train
2vc9	train
2ves	train
2vh6	train
2vhj	train
2vj8	train
2vjx	train
2vk2	train
2vk6	train
2vkm	train
2vmc	train
2vnp	train
2vnt	train
2vo4	train
2vo5	train
2vpe	train
2vrj	train
2vsl	train
2vt3	train
2vuk	train
2vvn	train
2vvu	train
2vw1	train
2vw2	train
2vw5	train
2vwc	train
2vwl	train
2vwm	train
2vwo	train
2vxn	train
2vyt	train
2w08	train
2w26	train
2w47	train
2w5g	train
2w66	train
2w67	train
2w8j	train
2w8w	train
2w8y	train
2w9h	train
2wbg	train
2wc3	train
2wc4	train
2wca	train
2we3	train
2web	train
2wec	train
2wed	train
2weg	train
2wej	train
2weo	train
2weq	train
2wf5	train
2wgj	train
2whp	train
2wk6	train
2wky	train
2wkz	train
2wl0	train
2wlz	train
2wnj	train
2wos	train
2wuf	train
2wvt	train
2wvz	train
2wyf	train
2wyg	train
2wyj	train
2wzf	train
2wzm	train
2wzs	train
2x09	train
2x0y	train
2x2r	train
2x4z	train
2x6x	train
2x8z	train
2x95	train
2x96	train
2xab	train
2xb7	train
2xbp	train
2xbv	train
2xbw	train
2xc0	train
2xc4	train
2xd9	train
2xdk	train
2xdl	train
2xdx	train
2xef	train
2xeg	train
2xei	train
2xej	train
2xg9	train
2xht	train
2xib	train
2xii	train
2xj7	train
2xjg	train
2xjj	train
2xjx	train
2xm1	train
2xm2	train
2xmy	train
2xn3	train
2xn5	train
2xnb	train
2xp7	train
2xpk	train
2xxr	train
2xxt	train
2xxx	train
2xyd	train
2xyf	train
2xys	train
2xyt	train
2y5g	train
2y5h	train
2y7i	train
2y7z	train
2y81	train
2y82	train
2y8c	train
2ya6	train
2ya7	train
2ya8	train
2yay	train
2yb0	train
2ydt	train
2ydw	train
2yek	train
2yfa	train
2yfe	train
2yfx	train
2ygf	train
2yhw	train
2yi7	train
2yix	train
2yk1	train
2ylc	train
2ymd	train
2yme	train
2ypi	train
2ypo	train
2yxj	train
2yz3	train
2z1w	train
2z94	train
2za0	train
2za5	train
2zb1	train
2zc9	train
2zcq	train
2zcr	train
2zcs	train
2zdk	train
2zdl	train
2zdm	train
2zdn	train
2zfs	train
2zgx	train
2zjw	train
2zkj	train
2zmm	train
2zn7	train
2zq0	train
2zq2	train
2zwz	train
2zx6	train
2zx7	train
2zx8	train
2zxd	train
2zxg	train
2zy1	train
2zym	train
2zz1	train
2zz2	train
3a1d	train
3a2o	train
3a5y	train
3a6t	train
3a9i	train
3aaq	train
3aas	train
3aau	train
3acl	train
3ag9	train
3agl	train
3ahn	train
3aho	train
3ai8	train
3aid	train
3alt	train
3ao2	train
3ao4	train
3ao5	train
3ap4	train
3aqt	train
3arp	train
3arq	train
3arw	train
3b1m	train
3b24	train
3b25	train
3b26	train
3b27	train
3b3c	train
3b3s	train
3b3w	train
3b3x	train
3b4f	train
3b4p	train
3b50	train
3b5r	train
3b65	train
3b66	train
3b67	train
3b7i	train
3b7j	train
3b7r	train
3b7u	train
3b92	train
3bbb	train
3bbf	train
3bex	train
3bgb	train
3bgq	train
3bgz	train
3bkk	train
3bl0	train
3bl1	train
3bpc	train
3bqc	train
3bra	train
3brn	train
3bu1	train
3buf	train
3bug	train
3buh	train
3bv9	train
3bva	train
3bvb	train
3bwj	train
3bxe	train
3bxf	train
3bxh	train
3bzf	train
3c2f	train
3c2o	train
3c2r	train
3c2u	train
3c4h	train
3c52	train
3c56	train
3c79	train
3c84	train
3c88	train
3c89	train
3c8a	train
3cct	train
3ccw	train
3ccz	train
3cd5	train
3cd7	train
3cda	train
3cf8	train
3cfn	train
3cft	train
3cj2	train
3cj4	train
3ckb	train
3cke	train
3ckp	train
3ckz	train
3cm2	train
3cow	train
3coy	train
3coz	train
3cs7	train
3cyw	train
3cz1	train
3d0b	train
3d0e	train
3d1z	train
3d4y	train
3d4z	train
3d50	train
3d51	train
3d52	train
3d6o	train
3d6p	train
3d78	train
3d83	train
3d8w	train
3d8z	train
3d91	train
3d9z	train
3daz	train
3dbu	train
3dcc	train
3dd0	train
3dd8	train
3ddf	train
3ddg	train
3dgo	train
3djo	train
3djp	train
3djq	train
3djx	train
3dk1	train
3dln	train
3dnd	train
3dne	train
3dp4	train
3dp9	train
3drf	train
3dri	train
3dsz	train
3dx1	train
3dx2	train
3dx3	train
3dx4	train
3dyo	train
3dzt	train
3e12	train
3e3c	train
3e5a	train
3e5u	train
3e6y	train
3e92	train
3e93	train
3eb1	train
3ebh	train
3ebi	train
3ebp	train
3ed0	train
3eft	train
3egt	train
3ehx	train
3ehy	train
3ejp	train
3ejq	train
3ejr	train
3eko	train
3ekp	train
3ekr	train
3ekt	train
3ekv	train
3ekw	train
3ekx	train
3el1	train
3el4	train
3el5	train
3elc	train
3eqr	train
3ery	train
3evd	train
3ewc	train
3ewj	train
3exe	train
3exh	train
3f17	train
3f18	train
3f19	train
3f34	train
3f3c	train
3f3d	train
3f48	train
3f5j	train
3f5k	train
3f5l	train
3f68	train
3f6e	train
3f6g	train
3f70	train
3f78	train
3f7g	train
3f7h	train
3f80	train
3f8c	train
3f8e	train
3f8f	train
3fat	train
3fcq	train
3fed	train
3fee	train
3ff3	train
3ffg	train
3ffp	train
3fh7	train
3fhb	train
3fjg	train
3fl5	train
3fqe	train
3fql	train
3fur	train
3fuz	train
3fv1	train
3fv2	train
3fvh	train
3fvk	train
3fvl	train
3fwv	train
3fx6	train
3fzn	train
3fzy	train
3g0e	train
3g0w	train
3g19	train
3g1d	train
3g1v	train
3g2y	train
3g2z	train
3g30	train
3g31	train
3g34	train
3g35	train
3g5k	train
3gba	train
3gbb	train
3gcp	train
3gcs	train
3gcu	train
3gdt	train
3ggu	train
3gi4	train
3gi6	train
3gjw	train
3gk1	train
3gm0	train
3gnw	train
3gqz	train
3gsm	train
3gss	train
3gst	train
3gt9	train
3gta	train
3gtc	train
3gv9	train
3gvb	train
3gvu	train
3gx0	train
3gy3	train
3gy4	train
3gy7	train
3h1x	train
3h30	train
3h5b	train
3h78	train
3h8b	train
3hb4	train
3hcm	train
3hek	train
3hf8	train
3hfb	train
3hig	train
3hit	train
3hk1	train
3hkn	train
3hkq	train
3hkt	train
3hl5	train
3hl7	train
3hl8	train
3hll	train
3hmp	train
3hp9	train
3hs4	train
3hu3	train
3hub	train
3huc	train
3hv8	train
3hvi	train
3hww	train
3hzk	train
3hzv	train
3i3b	train
3i4y	train
3i51	train
3i6o	train
3i73	train
3i7e	train
3i9g	train
3iae	train
3ibi	train
3ibl	train
3ibn	train
3ifl	train
3igp	train
3ijh	train
3ikd	train
3ikg	train
3imc	train
3ime	train
3iob	train
3iod	train
3iof	train
3iog	train
3ip5	train
3ip6	train
3ip8	train
3iph	train
3ipq	train
3ipu	train
3isj	train
3iss	train
3iub	train
3iue	train
3ivc	train
3ivg	train
3ivx	train
3iw5	train
3iw6	train
3iww	train
3jdw	train
3jrs	train
3jrx	train
3juk	train
3juo	train
3jup	train
3jya	train
3jzj	train
3k00	train
3k02	train
3k1j	train
3k37	train
3k4d	train
3k4q	train
3k5v	train
3k5x	train
3k8c	train
3k8o	train
3k8q	train
3k97	train
3k99	train
3kdb	train
3kdc	train
3kdd	train
3kek	train
3kgp	train
3kgq	train
3kgt	train
3kgu	train
3kiv	train
3kjd	train
3kku	train
3kmc	train
3kmx	train
3kqr	train
3kr4	train
3kwa	train
3kyq	train
3l0v	train
3l3l	train
3l3m	train
3l3n	train
3l4u	train
3l4v	train
3l4w	train
3l4x	train
3l4y	train
3l4z	train
3l59	train
3ldp	train
3ldq	train
3le9	train
3lea	train
3lgs	train
3lir	train
3liw	train
3ljg	train
3ljo	train
3ljz	train
3lk8	train
3lka	train
3lmk	train
3lp7	train
3lpi	train
3lpk	train
3lpl	train
3lpp	train
3lvw	train
3lxe	train
3lxk	train
3lzs	train
3lzu	train
3lzz	train
3m1k	train
3m35	train
3m36	train
3m37	train
3m3x	train
3m3z	train
3m40	train
3m5e	train
3m67	train
3m8u	train
3m96	train
3mam	train
3mdz	train
3mf5	train
3mfv	train
3mfw	train
3mhi	train
3mhl	train
3mhm	train
3mho	train
3mhw	train
3mi2	train
3mi3	train
3miy	train
3mjl	train
3ml5	train
3mmf	train
3mna	train
3mof	train
3ms9	train
3mss	train
3muz	train
3mv0	train
3mxd	train
3myg	train
3mz6	train
3mzc	train
3n0n	train
3n2p	train
3n2u	train
3n2v	train
3n35	train
3n3g	train
3n4b	train
3n7a	train
3n7o	train
3n86	train
3n8k	train
3n9s	train
3nb5	train
3nee	train
3neo	train
3nes	train
3nex	train
3ng4	train
3nhi	train
3nht	train
3nik	train
3nim	train
3npc	train
3nq9	train
3nu3	train
3nu4	train
3nu5	train
3nuj	train
3nuo	train
3nw3	train
3nx7	train
3nxq	train
3nyd	train
3nyx	train
3nzk	train
3o4k	train
3o56	train
3o5n	train
3o5x	train
3o75	train
3o7u	train
3o8p	train
3o99	train
3o9i	train
3o9p	train
3oaf	train
3ocp	train
3ocz	train
3oe5	train
3ohi	train
3oil	train
3oim	train
3ok9	train
3oku	train
3old	train
3ouj	train
3ov1	train
3ovn	train
3owj	train
3own	train
3oy0	train
3oy8	train
3oyq	train
3ozg	train
3ozj	train
3ozp	train
3ozr	train
3ozs	train
3ozt	train
3p17	train
3p2e	train
3p3g	train
3p3t	train
3p4v	train
3p58	train
3p5l	train
3p5o	train
3p7i	train
3p8n	train
3p8o	train
3p8p	train
3p8z	train
3p9l	train
3pb7	train
3pb8	train
3pb9	train
3pbb	train
3pce	train
3pcf	train
3pcg	train
3pcj	train
3pck	train
3pd9	train
3pe2	train
3pfp	train
3pgl	train
3pgu	train
3pju	train
3pn1	train
3pn4	train
3po6	train
3ppm	train
3ppq	train
3ppr	train
3prs	train
3ps1	train
3pwd	train
3pwk	train
3pwm	train
3pww	train
3pyy	train
3q2j	train
3q44	train
3q6w	train
3q6z	train
3q71	train
3q7q	train
3qaa	train
3qbc	train
3qdd	train
3qfd	train
3qfy	train
3qfz	train
3qgw	train
3qox	train
3qps	train
3qqa	train
3qqs	train
3qto	train
3qtv	train
3qw5	train
3qwc	train
3qx9	train
3qxt	train
3qxv	train
3r16	train
3r17	train
3r1v	train
3r4n	train
3r4p	train
3r5t	train
3r6u	train
3r7o	train
3r88	train
3rdo	train
3rdq	train
3rf4	train
3rlb	train
3rlp	train
3rlq	train
3rm4	train
3rm9	train
3roc	train
3rr4	train
3rsx	train
3rt8	train
3ru1	train
3rux	train
3rv4	train
3rv8	train
3rwp	train
3ryj	train
3ryx	train
3ryy	train
3ryz	train
3rz0	train
3rz1	train
3rz7	train
3s0b	train
3s0d	train
3s45	train
3s54	train
3s5y	train
3s6t	train
3s73	train
3s76	train
3s77	train
3s78	train
3s8l	train
3s8n	train
3s8o	train
3s9e	train
3sfg	train
3sha	train
3shc	train
3si3	train
3si4	train
3sio	train
3sk2	train
3slz	train
3sm2	train
3spf	train
3sr4	train
3st5	train
3std	train
3str	train
3su0	train
3su1	train
3su2	train
3su3	train
3su5	train
3su6	train
3suf	train
3sug	train
3sur	train
3sut	train
3suu	train
3suv	train
3suw	train
3sw8	train
3sww	train
3t01	train
3t08	train
3t09	train
3t0d	train
3t1a	train
3t1m	train
3t2q	train
3t2w	train
3t3c	train
3t3u	train
3t64	train
3t6b	train
3t70	train
3t82	train
3t83	train
3t84	train
3t85	train
3t8v	train
3ta0	train
3ta1	train
3tao	train
3tay	train
3tcg	train
3tfn	train
3tfp	train
3th9	train
3tif	train
3tk2	train
3tkw	train
3tmk	train
3tt4	train
3ttm	train
3ttp	train
3tu7	train
3tvc	train
3twp	train
3tz0	train
3tza	train
3tzm	train
3u10	train
3u5j	train
3u5l	train
3u6h	train
3u6i	train
3u81	train
3u8j	train
3u8k	train
3u90	train
3u92	train
3u93	train
3u9q	train
3ubd	train
3ucj	train
3udd	train
3uev	train
3uew	train
3uex	train
3ui7	train
3uj9	train
3ujc	train
3ujd	train
3uod	train
3up2	train
3upv	train
3uri	train
3usx	train
3utu	train
3uu1	train
3uug	train
3uuo	train
3uw4	train
3uw5	train
3uxk	train
3uxl	train
3uyr	train
3uz5	train
3uzj	train
3v2p	train
3v2q	train
3v3q	train
3v4t	train
3v51	train
3v5p	train
3v5t	train
3v78	train
3v7x	train
3vbd	train
3vd4	train
3vd9	train
3vdb	train
3veh	train
3vf5	train
3vfa	train
3vfb	train
3vha	train
3vhc	train
3vhd	train
3vhk	train
3vjc	train
3vtr	train
3vvy	train
3vx3	train
3w37	train
3w5n	train
3w9k	train
3w9r	train
3wmc	train
3wtj	train
3wtl	train
3wtn	train
3wto	train
3wz6	train
3wz7	train
3wz8	train
3wzn	train
3x00	train
3zbx	train
3zc5	train
3zdg	train
3zdv	train
3zi0	train
3zj6	train
3zk6	train
3zln	train
3zm9	train
3znr	train
3zns	train
3zpu	train
3zq9	train
3zso	train
3zsq	train
3zsx	train
3zt2	train
3zv7	train
3zxz	train
3zyf	train
3zyu	train
3zze	train
456c	train
4a4q	train
4a4v	train
4a6b	train
4a6c	train
4a6l	train
4a6s	train
4a7i	train
4ab9	train
4abb	train
4abd	train
4abe	train
4abf	train
4abh	train
4aci	train
4ad2	train
4ad3	train
4ad6	train
4ag8	train
4agc	train
4agm	train
4agn	train
4ago	train
4agp	train
4ahr	train
4ahs	train
4ai5	train
4aia	train
4aj4	train
4aji	train
4ajl	train
4alx	train
4aoi	train
4ap7	train
4app	train
4aq4	train
4aq6	train
4aqh	train
4ara	train
4arb	train
4arw	train
4asd	train
4ase	train
4asj	train
4att	train
4auj	train
4av4	train
4av5	train
4avh	train
4avi	train
4avj	train
4avs	train
4ax9	train
4axd	train
4ayp	train
4ayq	train
4ayu	train
4az5	train
4az6	train
4azb	train
4azg	train
4azi	train
4b0b	train
4b2l	train
4b33	train
4b34	train
4b35	train
4b3b	train
4b3c	train
4b3d	train
4b5s	train
4b5w	train
4b6o	train
4b6p	train
4b6s	train
4b73	train
4b74	train
4b7j	train
4b7p	train
4b7r	train
4b8y	train
4b9z	train
4bah	train
4bak	train
4bam	train
4bao	train
4baq	train
4bb9	train
4bck	train
4bcm	train
4bcn	train
4bco	train
4bcp	train
4bcs	train
4bf1	train
4bf6	train
4bi6	train
4bi7	train
4bj8	train
4bks	train
4bkt	train
4bny	train
4bqg	train
4bqh	train
4bqs	train
4br3	train
4bs0	train
4bt3	train
4bt4	train
4bt5	train
4bup	train
4buq	train
4c1t	train
4c1u	train
4c2v	train
4c52	train
4c5d	train
4c9x	train
4ca5	train
4ca8	train
4cc5	train
4cd0	train
4cd5	train
4ceb	train
4cfl	train
4cg8	train
4cg9	train
4cga	train
4cgi	train
4cig	train
4ciw	train
4cj4	train
4cjp	train
4cjq	train
4cjr	train
4cl6	train
4clj	train
4cmo	train
4cp7	train
4cpr	train
4cps	train
4cpt	train
4cpw	train
4cpy	train
4cpz	train
4cr5	train
4cr9	train
4cra	train
4crb	train
4crc	train
4crl	train
4cs9	train
4csd	train
4css	train
4cu8	train
4cwf	train
4cwn	train
4cwo	train
4cwp	train
4cwq	train
4cwr	train
4cwt	train
4czs	train
4d1j	train
4d8z	train
4da5	train
4daf	train
4db7	train
4dbm	train
4dcs	train
4ddh	train
4ddk	train
4de2	train
4de5	train
4del	train
4der	train
4deu	train
4dew	train
4dff	train
4dfg	train
4djo	train
4djp	train
4djq	train
4djr	train
4dju	train
4djv	train
4djw	train
4djx	train
4djy	train
4dko	train
4dkp	train
4dkq	train
4dkr	train
4dld	train
4dmw	train
4do4	train
4do5	train
4dq2	train
4dst	train
4dsu	train
4dsy	train
4duh	train
4dv8	train
4dy6	train
4dzy	train
4e0x	train
4e1k	train
4e3g	train
4e4l	train
4e5w	train
4e67	train
4e6d	train
4e6q	train
4e7r	train
4e9u	train
4ea2	train
4eb8	train
4ef6	train
4efs	train
4egk	train
4ehz	train
4ei4	train
4ek9	train
4elf	train
4elg	train
4elh	train
4en4	train
4eo6	train
4eo8	train
4eoh	train
4eor	train
4epy	train
4er1	train
4eu0	train
4euo	train
4ew2	train
4ewn	train
4ezr	train
4ezz	train
4f09	train
4f0c	train
4f2w	train
4f5y	train
4f6u	train
4f6w	train
4f7v	train
4fai	train
4few	train
4ffs	train
4fk6	train
4fl1	train
4fl2	train
4flp	train
4fm7	train
4fm8	train
4fnn	train
4fp1	train
4fsl	train
4fxp	train
4fys	train
4fz3	train
4g0p	train
4g0q	train
4g0z	train
4g5f	train
4g8m	train
4g8v	train
4g8y	train
4g90	train
4g95	train
4gbd	train
4ge1	train
4gfm	train
4gfo	train
4gg7	train
4ggz	train
4ghi	train
4gih	train
4gj2	train
4gj3	train
4gkh	train
4gki	train
4gkm	train
4gq4	train
4gqp	train
4gqr	train
4gr3	train
4gr8	train
4gu6	train
4gu9	train
4gue	train
4gzp	train
4gzt	train
4gzw	train
4gzx	train
4h3g	train
4h7q	train
4h81	train
4ha5	train
4hbm	train
4hdb	train
4hdf	train
4hdp	train
4heg	train
4hf4	train
4hfp	train
4hge	train
4hj2	train
4hla	train
4hp0	train
4hpi	train
4ht0	train
4ht2	train
4hu1	train
4hw3	train
4hwo	train
4hwp	train
4hws	train
4hy1	train
4hym	train
4i3z	train
4i54	train
4i5c	train
4i71	train
4i72	train
4i74	train
4i7j	train
4i7k	train
4i7m	train
4i7p	train
4i8w	train
4i8z	train
4i9h	train
4ibc	train
4ibd	train
4ibe	train
4ibf	train
4ibg	train
4ibi	train
4ibk	train
4idn	train
4ido	train
4ieh	train
4igt	train
4ih3	train
4ih5	train
4ih6	train
4ih7	train
4iic	train
4iid	train
4iif	train
4ij1	train
4in9	train
4io2	train
4io3	train
4io4	train
4io5	train
4io6	train
4io7	train
4ipi	train
4ipj	train
4ipn	train
4ish	train
4isi	train
4itp	train
4iuo	train
4iva	train
4ivb	train
4ivc	train
4iwz	train
4j28	train
4j44	train
4j45	train
4j46	train
4j47	train
4j48	train
4j7d	train
4j7e	train
4j93	train
4jal	train
4je7	train
4je8	train
4jfk	train
4jfm	train
4jfs	train
4jh0	train
4jia	train
4jkw	train
4jn2	train
4jne	train
4jpy	train
4jsa	train
4jss	train
4jsz	train
4jwk	train
4jx9	train
4jyb	train
4jyc	train
4jym	train
4jyt	train
4k0o	train
4k0y	train
4k18	train
4k3h	train
4k3n	train
4k4j	train
4k6i	train
4k77	train
4k7n	train
4k7o	train
4k9y	train
4kao	train
4kb9	train
4kcx	train
4keq	train
4kfq	train
4kif	train
4kiu	train
4km0	train
4km2	train
4kn0	train
4knj	train
4knm	train
4knn	train
4ko8	train
4kp5	train
4kp8	train
4kqp	train
4ks1	train
4ks4	train
4kxb	train
4kxn	train
4kyh	train
4kyk	train
4kz3	train
4kz4	train
4kz6	train
4kzq	train
4kzu	train
4l19	train
4l2l	train
4l4v	train
4l4z	train
4l50	train
4l6t	train
4l9i	train
4lar	train
4lbu	train
4lch	train
4leq	train
4lhm	train
4lj5	train
4ljh	train
4lk7	train
4lkk	train
4lkq	train
4ll3	train
4llp	train
4llx	train
4lm2	train
4lm3	train
4loh	train
4loi	train
4lov	train
4loy	train
4lps	train
4lrr	train
4luz	train
4lvt	train
4lxd	train
4lxz	train
4ly1	train
4ly9	train
4lyw	train
4lzr	train
4lzs	train
4m0e	train
4m0r	train
4m0y	train
4m12	train
4m13	train
4m14	train
4m2r	train
4m2u	train
4m2v	train
4m3p	train
4m6u	train
4m7j	train
4m8e	train
4m8h	train
4m8x	train
4mc1	train
4mc2	train
4mgd	train
4mhy	train
4mhz	train
4mjp	train
4mme	train
4mmm	train
4mmp	train
4mn3	train
4mnp	train
4mo8	train
4mpn	train
4mq6	train
4mr6	train
4mre	train
4mrg	train
4mrw	train
4mrz	train
4msa	train
4msc	train
4msn	train
4mss	train
4muf	train
4mul	train
4myd	train
4n07	train
4n5d	train
4n6z	train
4n7m	train
4n7u	train
4n8q	train
4n9a	train
4n9c	train
4na9	train
4nbl	train
4nbn	train
4ncn	train
4ndu	train
4ngm	train
4ngn	train
4ngp	train
4nj9	train
4nkt	train
4nku	train
4nl1	train
4nnr	train
4non	train
4np9	train
4nuc	train
4nue	train
4nvp	train
4nwc	train
4nyf	train
4o04	train
4o07	train
4o09	train
4o0b	train
4o0x	train
4o0y	train
4o2b	train
4o2c	train
4o2p	train
4o3c	train
4o3f	train
4o61	train
4o6w	train
4o97	train
4o9w	train
4oag	train
4oak	train
4oc0	train
4oc1	train
4oc2	train
4oc3	train
4oc5	train
4ocq	train
4oct	train
4og4	train
4ogj	train
4oiv	train
4oks	train
4oma	train
4omc	train
4omj	train
4omk	train
4or6	train
4ou3	train
4ovg	train
4ovh	train
4owm	train
4owv	train
4ozj	train
4p3h	train
4p5d	train
4p5z	train
4p6c	train
4p6w	train
4pb2	train
4pcs	train
4pee	train
4pft	train
4phu	train
4pin	train
4pmm	train
4pnu	train
4poh	train
4poj	train
4pop	train
4pow	train
4pox	train
4pp0	train
4pp3	train
4pp5	train
4pqa	train
4psb	train
4pum	train
4pv5	train
4pvx	train
4pvy	train
4pzv	train
4q08	train
4q09	train
4q0k	train
4q19	train
4q1w	train
4q1x	train
4q1y	train
4q3t	train
4q3u	train
4q46	train
4q4o	train
4q4q	train
4q4r	train
4q4s	train
4q6d	train
4q6e	train
4q7p	train
4q7s	train
4q7v	train
4q7w	train
4q81	train
4q83	train
4q8x	train
4q8y	train
4q90	train
4q93	train
4q99	train
4q9o	train
4q9y	train
4qac	train
4qb3	train
4qd6	train
4qdk	train
4qem	train
4qer	train
4qev	train
4qew	train
4qf7	train
4qf8	train
4qf9	train
4qfl	train
4qfn	train
4qfo	train
4qfp	train
4qge	train
4qgi	train
4qij	train
4qj0	train
4qjw	train
4qjx	train
4ql1	train
4qlk	train
4qnb	train
4qp2	train
4qpd	train
4qpl	train
4qrh	train
4qsv	train
4qtl	train
4qxo	train
4qy3	train
4qyy	train
4r06	train
4r0a	train
4r3w	train
4r4c	train
4r4i	train
4r4t	train
4r59	train
4r5b	train
4r5t	train
4r73	train
4r74	train
4r75	train
4r76	train
4ra1	train
4rd0	train
4rd3	train
4rdn	train
4re2	train
4re4	train
4rfc	train
4rfd	train
4rfm	train
4rfr	train
4rhx	train
4riv	train
4rj8	train
4rlt	train
4rlw	train
4rn4	train
4rpn	train
4rpo	train
4rqk	train
4rqv	train
4rr6	train
4rrg	train
4rsk	train
4ruy	train
4rvr	train
4rwj	train
4s1g	train
4std	train
4tim	train
4tjz	train
4tkb	train
4tkh	train
4tln	train
4tmk	train
4tmn	train
4tqn	train
4trc	train
4ts1	train
4tt2	train
4tte	train
4ty7	train
4tz2	train
4u0f	train
4u0w	train
4u1b	train
4u43	train
4u54	train
4u5n	train
4u5o	train
4u5s	train
4u69	train
4u6w	train
4u6z	train
4u71	train
4u73	train
4u8w	train
4ua8	train
4uac	train
4ual	train
4uc5	train
4ucc	train
4ufh	train
4ufi	train
4ufk	train
4uin	train
4uj1	train
4uja	train
4uma	train
4umc	train
4und	train
4unp	train
4uoh	train
4up5	train
4ury	train
4urz	train
4us3	train
4uye	train
4v24	train
4v27	train
4w52	train
4w97	train
4w9c	train
4w9d	train
4w9f	train
4w9h	train
4w9i	train
4w9j	train
4w9k	train
4w9l	train
4w9o	train
4w9p	train
4wa9	train
4whs	train
4wiv	train
4wkb	train
4wkn	train
4wko	train
4wn5	train
4wop	train
4wov	train
4wrb	train
4wt2	train
4x24	train
4x48	train
4x5q	train
4x5r	train
4x5y	train
4x5z	train
4x6m	train
4x6n	train
4x6o	train
4x8o	train
4x8u	train
4x8v	train
4xaq	train
4xar	train
4xas	train
4xip	train
4xir	train
4xit	train
4xk9	train
4xmb	train
4xmr	train
4xoc	train
4xoe	train
4xt2	train
4xtv	train
4xtw	train
4xtz	train
4xu0	train
4xu1	train
4xu2	train
4xu3	train
4xxh	train
4xy8	train
4xya	train
4y0a	train
4y2q	train
4y3y	train
4y4j	train
4y59	train
4y5d	train
4y79	train
4y8x	train
4yb5	train
4yc0	train
4yes	train
4yha	train
4yhm	train
4yho	train
4yk0	train
4ykj	train
4ykk	train
4ymb	train
4ymh	train
4yml	train
4ymq	train
4ymx	train
4ynb	train
4yrd	train
4ysl	train
4ytc	train
4yth	train
4yx4	train
4yxi	train
4yyt	train
4yzu	train
4z07	train
4z0k	train
4z0q	train
4z1e	train
4z1k	train
4z2b	train
4z83	train
4z84	train
4z93	train
4zae	train
4zb6	train
4zb8	train
4zba	train
4zbi	train
4zcs	train
4zeb	train
4zei	train
4zgk	train
4zip	train
4zji	train
4zl4	train
4zow	train
4zt8	train
4zv1	train
4zw6	train
4zw8	train
4zwx	train
4zwz	train
4zx0	train
4zx1	train
4zx3	train
4zyf	train
4zzd	train
4zzx	train
4zzy	train
5a5q	train
5a6k	train
5a6x	train
5a7b	train
5a81	train
5aa9	train
5aan	train
5aba	train
5acy	train
5ad1	train
5afv	train
5ahw	train
5alb	train
5amg	train
5aml	train
5ant	train
5anu	train
5anv	train
5aol	train
5aqz	train
5aut	train
5ave	train
5ayt	train
5azf	train
5b25	train
5b2d	train
5b5f	train
5b5g	train
5bry	train
5bs4	train
5btx	train
5bv3	train
5bw4	train
5bwc	train
5byi	train
5c1w	train
5c28	train
5c2h	train
5c3p	train
5c5t	train
5c8n	train
5cap	train
5cas	train
5cau	train
5cbm	train
5cbr	train
5cbs	train
5cc2	train
5cep	train
5ceq	train
5cj6	train
5cjf	train
5cks	train
5cp5	train
5cp9	train
5cqt	train
5cqu	train
5cs3	train
5cs6	train
5cso	train
5csp	train
5cst	train
5ct2	train
5cu4	train
5cxa	train
5cy9	train
5czm	train
5d0c	train
5d0r	train
5d21	train
5d24	train
5d25	train
5d26	train
5d2r	train
5d3c	train
5d3h	train
5d3j	train
5d3l	train
5d3n	train
5d3p	train
5d3t	train
5d3x	train
5d45	train
5d47	train
5d6j	train
5dbm	train
5dex	train
5dfp	train
5dgu	train
5dgw	train
5dh4	train
5dh5	train
5dhu	train
5dit	train
5dnu	train
5dpx	train
5dq8	train
5dqf	train
5drr	train
5dus	train
5dw2	train
5dwr	train
5dxt	train
5dyo	train
5e13	train
5e1s	train
5e2k	train
5e2l	train
5e2o	train
5e2p	train
5e3a	train
5e73	train
5e74	train
5e7n	train
5e8f	train
5ect	train
5edc	train
5edd	train
5edl	train
5eei	train
5ef7	train
5efa	train
5efc	train
5efh	train
5efj	train
5egm	train
5egu	train
5eh5	train
5eh7	train
5eh8	train
5ehq	train
5ehr	train
5ehw	train
5ei3	train
5ekm	train
5el9	train
5elw	train
5en3	train
5eng	train
5epl	train
5epn	train
5eqe	train
5eqp	train
5eqy	train
5er1	train
5er2	train
5er4	train
5etb	train
5etj	train
5eu1	train
5ev8	train
5evb	train
5evd	train
5evk	train
5evz	train
5ewa	train
5ewk	train
5ewy	train
5exm	train
5exn	train
5exw	train
5ey0	train
5ey4	train
5eyr	train
5f08	train
5f0f	train
5f1h	train
5f1r	train
5f1v	train
5f25	train
5f2p	train
5f2u	train
5f5z	train
5f60	train
5f61	train
5f62	train
5f63	train
5f74	train
5f9b	train
5fbi	train
5fck	train
5fcz	train
5fdi	train
5fe6	train
5fe9	train
5fh7	train
5fh8	train
5fhm	train
5fhn	train
5fho	train
5fl4	train
5flo	train
5flq	train
5fls	train
5flt	train
5fnc	train
5fnd	train
5fnf	train
5fng	train
5fnr	train
5fnt	train
5fnu	train
5fog	train
5fot	train
5fou	train
5fov	train
5fpk	train
5fs5	train
5fsc	train
5fso	train
5fsy	train
5ftg	train
5fto	train
5fut	train
5g17	train
5g1a	train
5g2b	train
5g2g	train
5g45	train
5g46	train
5g4m	train
5g4o	train
5g5f	train
5g5v	train
5g5z	train
5g60	train
5g61	train
5gj9	train
5gja	train
5gmn	train
5gof	train
5gs9	train
5gsa	train
5h1t	train
5h1u	train
5h1v	train
5h5f	train
5h8e	train
5h8g	train
5h9r	train
5hbn	train
5hbs	train
5hct	train
5hi7	train
5his	train
5hjq	train
5hrv	train
5hrw	train
5hrx	train
5htl	train
5htz	train
5hu9	train
5hwu	train
5hz5	train
5hz9	train
5i29	train
5i3a	train
5i3v	train
5i3w	train
5i3x	train
5i3y	train
5i7x	train
5i7y	train
5i80	train
5i8g	train
5i9x	train
5i9y	train
5i9z	train
5ia0	train
5ia1	train
5ia2	train
5ia3	train
5ia5	train
5ie1	train
5igm	train
5ih9	train
5ihh	train
5ii2	train
5ijr	train
5ikb	train
5ime	train
5ioz	train
5ipc	train
5ipj	train
5irr	train
5isz	train
5itp	train
5ivc	train
5ive	train
5ivv	train
5iwg	train
5ix0	train
5izf	train
5izj	train
5j0d	train
5j1x	train
5j20	train
5j27	train
5j2x	train
5j41	train
5j64	train
5j6a	train
5j6n	train
5j7q	train
5j7w	train
5j86	train
5j8m	train
5j8u	train
5j8z	train
5j9x	train
5jgi	train
5jgq	train
5jhb	train
5jhk	train
5ji8	train
5jop	train
5jox	train
5jq5	train
5js3	train
5jsg	train
5jsj	train
5jsq	train
5jss	train
5jt9	train
5jvi	train
5jxn	train
5jxq	train
5jzi	train
5k03	train
5k0h	train
5k0m	train
5k1f	train
5k8s	train
5k9w	train
5ka7	train
5ka9	train
5kab	train
5kad	train
5kat	train
5kbe	train
5kby	train
5kcb	train
5kh3	train
5khm	train
5kly	train
5km9	train
5kma	train
5ko1	train
5ko5	train
5kqx	train
5kqy	train
5kr0	train
5kr1	train
5kr2	train
5kva	train
5kz0	train
5l2s	train
5l30	train
5l3a	train
5l4i	train
5l4j	train
5l7g	train
5l7h	train
5l8c	train
5l8y	train
5l9g	train
5l9o	train
5laq	train
5ld8	train
5ldm	train
5ldp	train
5ljq	train
5ljt	train
5llc	train
5lle	train
5llh	train
5lli	train
5llo	train
5llp	train
5lne	train
5lny	train
5lom	train
5lso	train
5ltn	train
5lud	train
5lvd	train
5lvq	train
5lwd	train
5lwm	train
5lyn	train
5lyr	train
5lz4	train
5lz7	train
5m04	train
5m17	train
5m23	train
5m25	train
5m28	train
5m5d	train
5m77	train
5m7s	train
5m7u	train
5m9w	train
5ma7	train
5mby	train
5mek	train
5mes	train
5mg2	train
5mge	train
5mgj	train
5mgk	train
5mjn	train
5mks	train
5mlj	train
5mme	train
5mmg	train
5mn1	train
5mnn	train
5mo8	train
5mod	train
5mpk	train
5mpn	train
5mpz	train
5mqe	train
5mrm	train
5mro	train
5mrp	train
5msb	train
5mwh	train
5mwp	train
5mwy	train
5mxf	train
5mz8	train
5n0e	train
5n18	train
5n1r	train
5n1s	train
5n1z	train
5n24	train
5n25	train
5n2t	train
5n2z	train
5n3v	train
5n6s	train
5n84	train
5n93	train
5n99	train
5n9r	train
5nap	train
5nau	train
5nea	train
5neb	train
5nee	train
5ngz	train
5nih	train
5nk3	train
5nk4	train
5nk8	train
5nk9	train
5nka	train
5nkb	train
5nkc	train
5nkd	train
5nkg	train
5nkh	train
5nlk	train
5nn5	train
5nn6	train
5nvv	train
5nvw	train
5nvx	train
5nw0	train
5nw1	train
5nw2	train
5nwe	train
5nwi	train
5nxi	train
5nxo	train
5nxw	train
5ny1	train
5ny3	train
5nya	train
5nz4	train
5nze	train
5nzf	train
5nzn	train
5o07	train
5o1d	train
5o1f	train
5o1h	train
5o2d	train
5o4f	train
5o58	train
5o5a	train
5o87	train
5o9o	train
5o9p	train
5o9y	train
5oa2	train
5oa6	train
5obg	train
5odx	train
5oei	train
5ogb	train
5oh2	train
5oh3	train
5oh4	train
5oh7	train
5oh9	train
5oht	train
5ohy	train
5om3	train
5om7	train
5oot	train
5op4	train
5oq8	train
5oqu	train
5org	train
5orh	train
5orj	train
5orv	train
5orw	train
5os2	train
5os4	train
5os5	train
5os7	train
5os8	train
5ose	train
5osl	train
5oss	train
5ost	train
5ot8	train
5ot9	train
5ota	train
5otc	train
5otr	train
5otz	train
5ouh	train
5ovr	train
5ovv	train
5ovx	train
5owl	train
5oxk	train
5qa8	train
5qal	train
5qay	train
5qqp	train
5qtt	train
5std	train
5sxm	train
5sym	train
5sz0	train
5sz1	train
5sz5	train
5sz6	train
5t19	train
5t8o	train
5t8p	train
5t9u	train
5t9z	train
5ta2	train
5ta4	train
5tb6	train
5tbe	train
5tbm	train
5tcj	train
5tcy	train
5tfx	train
5th4	train
5ti0	train
5tkj	train
5tkk	train
5tmn	train
5tmp	train
5tp0	train
5tpx	train
5tt3	train
5ttw	train
5tuo	train
5twj	train
5txy	train
5u0f	train
5u0g	train
5u0w	train
5u0y	train
5u0z	train
5u12	train
5u13	train
5u28	train
5u4b	train
5u4d	train
5u6j	train
5uc4	train
5ucj	train
5ueu	train
5uez	train
5uf0	train
5ufc	train
5uff	train
5ufp	train
5ufr	train
5ufs	train
5ula	train
5uln	train
5ulp	train
5ult	train
5umy	train
5uoo	train
5uov	train
5upe	train
5upf	train
5upj	train
5upz	train
5ut6	train
5uv2	train
5uxf	train
5v79	train
5v7a	train
5v82	train
5var	train
5vb5	train
5vb6	train
5vb7	train
5vc3	train
5vc4	train
5vcv	train
5vcw	train
5vcz	train
5vd0	train
5vd1	train
5vd3	train
5vgy	train
5vh0	train
5vi6	train
5vih	train
5vij	train
5vja	train
5vkc	train
5vl2	train
5vm0	train
5vo1	train
5voj	train
5vp9	train
5vr8	train
5vsf	train
5vsj	train
5vyy	train
5w1e	train
5w2s	train
5wa5	train
5wa8	train
5wcm	train
5wij	train
5win	train
5wl0	train
5wlo	train
5wp5	train
5wqc	train
5wuk	train
5wyx	train
5x62	train
5x74	train
5xg5	train
5xmx	train
5xo7	train
5xpi	train
5y13	train
5y8y	train
5y94	train
5yas	train
5yfs	train
5yft	train
5yh8	train
5yhg	train
5yjm	train
5yl2	train
5yum	train
5yz2	train
5z5f	train
5z66	train
5z7b	train
5z99	train
5za7	train
5za8	train
5za9	train
5zae	train
5zaf	train
5zag	train
5zaj	train
5zdb	train
5zg0	train
5zg1	train
5zg3	train
5zhl	train
5zkc	train
5znc	train
5zni	train
5zo8	train
5zw6	train
5zym	train
6abx	train
6ajv	train
6ajy	train
6aox	train
6aqs	train
6arm	train
6arn	train
6aro	train
6as8	train
6ayi	train
6ayo	train
6ayq	train
6ayr	train
6ays	train
6ayt	train
6b4l	train
6b4n	train
6b4u	train
6b59	train
6b7a	train
6b7b	train
6b96	train
6b97	train
6b98	train
6bbx	train
6bdy	train
6bhv	train
6bm5	train
6bm6	train
6bs3	train
6bs4	train
6c7q	train
6c85	train
6cbg	train
6cdj	train
6cdl	train
6cdo	train
6ce6	train
6cfc	train
6chp	train
6cjr	train
6cjs	train
6cjv	train
6ckr	train
6cks	train
6ckw	train
6cn5	train
6cpa	train
6cpw	train
6csp	train
6csq	train
6cvv	train
6cwh	train
6cwn	train
6czb	train
6cze	train
6czf	train
6d15	train
6d16	train
6d17	train
6d18	train
6d19	train
6d1a	train
6d1b	train
6d1d	train
6d1h	train
6d1i	train
6d1j	train
6d1k	train
6d2o	train
6d3q	train
6d50	train
6d56	train
6d5e	train
6d5g	train
6d5j	train
6d78	train
6d9s	train
6d9x	train
6dak	train
6dd0	train
6det	train
6dgl	train
6dgq	train
6dgr	train
6dh1	train
6dh2	train
6dh6	train
6dh7	train
6dh8	train
6dif	train
6dil	train
6dj1	train
6dj2	train
6dj5	train
6dj7	train
6dpt	train
6dpx	train
6dpy	train
6dq4	train
6dsp	train
6dy7	train
6dyn	train
6dys	train
6dyv	train
6dyw	train
6dyz	train
6dz0	train
6dz2	train
6dz3	train
6dzx	train
6e1y	train
6e1z	train
6e22	train
6e23	train
6e4a	train
6e5l	train
6e5t	train
6e6m	train
6e7j	train
6e7r	train
6e7t	train
6e7u	train
6e9a	train
6ecz	train
6edr	train
6eeb	train
6eed	train
6efj	train
6ei5	train
6eij	train
6eiq	train
6eir	train
6eis	train
6eiz	train
6ej2	train
6ej3	train
6el5	train
6eln	train
6elo	train
6elp	train
6en5	train
6eog	train
6eol	train
6ep4	train
6epa	train
6epy	train
6epz	train
6eq1	train
6eq2	train
6eq3	train
6eq5	train
6eq7	train
6eqp	train
6equ	train
6eqv	train
6eqw	train
6eqx	train
6ets	train
6euc	train
6eux	train
6evn	train
6ex1	train
6exi	train
6exj	train
6exs	train
6ey8	train
6ey9	train
6eya	train
6eyb	train
6f05	train
6f1j	train
6f1n	train
6f20	train
6f90	train
6f92	train
6f9g	train
6f9u	train
6fa4	train
6faa	train
6faf	train
6fag	train
6fba	train
6fe0	train
6fe1	train
6fgg	train
6fh3	train
6fhk	train
6fhq	train
6fhu	train
6fmj	train
6fnf	train
6fng	train
6fni	train
6fnq	train
6fnr	train
6fo5	train
6fs0	train
6fs1	train
6fsy	train
6ftf	train
6ftp	train
6ftw	train
6ftz	train
6fuh	train
6fyz	train
6fz4	train
6g0z	train
6g14	train
6g25	train
6g27	train
6g2f	train
6g2l	train
6g2m	train
6g2o	train
6g2r	train
6g2s	train
6g34	train
6g35	train
6g36	train
6g38	train
6g3a	train
6g3q	train
6g3v	train
6g5l	train
6g6t	train
6g7a	train
6g9i	train
6g9x	train
6gdy	train
6ge7	train
6gf9	train
6gfs	train
6gfz	train
6gg4	train
6ggb	train
6ggf	train
6ghh	train
6ghj	train
6gj8	train
6gji	train
6gjj	train
6gjl	train
6gjm	train
6gjn	train
6gjr	train
6gl8	train
6gl9	train
6gla	train
6glb	train
6gnm	train
6gnp	train
6gnr	train
6gnw	train
6gon	train
6got	train
6guc	train
6gue	train
6guh	train
6guk	train
6gvz	train
6gw4	train
6gwe	train
6gwr	train
6gxb	train
6gxg	train
6gxq	train
6gzd	train
6gzm	train
6h1d	train
6h2z	train
6h33	train
6h34	train
6h37	train
6h38	train
6h8s	train
6hai	train
6hax	train
6hay	train
6haz	train
6hgf	train
6hgg	train
6hgj	train
6hgr	train
6hgs	train
6hh3	train
6hh5	train
6hhr	train
6hk4	train
6hm1	train
6hmg	train
6hni	train
6hoq	train
6hpw	train
6hq7	train
6hr2	train
6hrq	train
6hsh	train
6ht1	train
6hza	train
6hzb	train
6hzy	train
6i0z	train
6i11	train
6i14	train
6i17	train
6i18	train
6i5g	train
6i61	train
6i63	train
6i65	train
6i66	train
6i67	train
6i8m	train
6i8y	train
6ibk	train
6ic2	train
6idb	train
6idg	train
6iez	train
6ift	train
6iht	train
6iiu	train
6im4	train
6ios	train
6iou	train
6ixd	train
6j0g	train
6j0o	train
6j3o	train
6j3p	train
6j72	train
6j7e	train
6j9w	train
6jad	train
6jag	train
6jam	train
6jan	train
6jap	train
6jaq	train
6jav	train
6jaw	train
6jay	train
6jb4	train
6jbb	train
6jdi	train
6jdl	train
6jfk	train
6jof	train
6jtc	train
6k04	train
6k3l	train
6kjd	train
6m8q	train
6ma2	train
6ma3	train
6ma4	train
6ma5	train
6maj	train
6md8	train
6mdu	train
6mg5	train
6mj4	train
6mj7	train
6mja	train
6mjf	train
6mji	train
6mku	train
6mkw	train
6ml9	train
6mla	train
6mle	train
6mlg	train
6mlj	train
6mll	train
6mln	train
6mlo	train
6mlp	train
6mm2	train
6mnc	train
6mnv	train
6mqc	train
6msy	train
6mu3	train
6mub	train
6mxc	train
6n0j	train
6n0k	train
6n3v	train
6n3w	train
6n3x	train
6n3y	train
6n78	train
6n79	train
6n7a	train
6n7b	train
6n7d	train
6n8x	train
6n95	train
6n9l	train
6ncn	train
6nco	train
6ndl	train
6ne5	train
6nfy	train
6nmb	train
6no9	train
6np2	train
6np3	train
6np4	train
6np5	train
6nsv	train
6nu1	train
6nu5	train
6nv9	train
6nwl	train
6nxz	train
6ny0	train
6nyv	train
6nzv	train
6o0k	train
6o0m	train
6o0o	train
6o0p	train
6o5a	train
6o5u	train
6o9c	train
6odz	train
6oe0	train
6oe1	train
6of5	train
6oja	train
6olx	train
6ooy	train
6oqb	train
6oqd	train
6orr	train
6ouv	train
6p3v	train
6p5o	train
6p83	train
6p84	train
6p85	train
6p86	train
6p87	train
6p8a	train
6p9e	train
6pg4	train
6pg6	train
6pg7	train
6pg9	train
6pga	train
6pgb	train
6pi5	train
6pi6	train
6pia	train
6pl1	train
6plf	train
6poi	train
6ppy	train
6prf	train
6pve	train
6pvw	train
6py0	train
6q3y	train
6q3z	train
6q54	train
6q60	train
6qas	train
6qav	train
6qe0	train
6qe5	train
6qge	train
6qgf	train
6qgh	train
6qi4	train
6qi7	train
6ql2	train
6qln	train
6qlo	train
6qlp	train
6qlq	train
6qlr	train
6qls	train
6qmj	train
6qmk	train
6qqq	train
6qqu	train
6qqw	train
6qqz	train
6qr0	train
6qr1	train
6qr2	train
6qr3	train
6qr4	train
6qr7	train
6qr9	train
6quv	train
6qz5	train
6r0v	train
6r11	train
6r18	train
6r1a	train
6r1b	train
6r1d	train
6r4k	train
6r8l	train
6r8o	train
6r8w	train
6rfw	train
6rih	train
6rnt	train
6rtw	train
6s4t	train
6s56	train
6s57	train
6s5k	train
6sbt	train
6sge	train
6ssy	train
6st0	train
6std	train
6stl	train
6szp	train
6t1i	train
6t1j	train
6t1l	train
6t1m	train
6t1n	train
6t1o	train
6u5y	train
6u6w	train
6u8b	train
6ud2	train
6udi	train
6udt	train
6udu	train
6udv	train
6ueg	train
6ugn	train
6ugp	train
6ugr	train
6ugz	train
6upj	train
8a3h	train
8cpa	train
184l	test
1aaq	test
1afl	test
1ai4	test
1ajx	test
1apv	test
1atl	test
1b2h	test
1b46	test
1b52	test
1b5h	test
1b6h	test
1b6j	test
1b8o	test
1bn3	test
1bn4	test
1bnn	test
1bnq	test
1c5o	test
1c5t	test
1c83	test
1cnx	test
1cps	test
1d6v	test
1df8	test
1dl7	test
1dmp	test
1dud	test
1e2k	test
1eb2	test
1ebz	test
1ec9	test
1ela	test
1eoc	test
1ew8	test
1ezq	test
1f57	test
1f5k	test
1f8c	test
1f8d	test
1fao	test
1fch	test
1fkn	test
1fl3	test
1fpc	test
1fzj	test
1fzk	test
1g2k	test
1g52	test
1g7v	test
1gaf	test
1gar	test
1gfy	test
1gi1	test
1gi7	test
1h46	test
1hbv	test
1hdq	test
1hi3	test
1hi4	test
1hvi	test
1hvj	test
1i5r	test
1if8	test
1iih	test
1iiq	test
1ikt	test
1j4r	test
1jao	test
1jgl	test
1jzs	test
1k1n	test
1k1y	test
1k22	test
1k9s	test
1kdk	test
1kug	test
1kzk	test
1lbf	test
1lhu	test
1lnm	test
1lrh	test
1lyb	test
1lzq	test
1m0q	test
1m5w	test
1m7d	test
1m7y	test
1mes	test
1mrs	test
1msm	test
1n1m	test
1n51	test
1nc1	test
1ndw	test
1nfy	test
1nh0	test
1nl9	test
1nvr	test
1nvs	test
1nw7	test
1o0h	test
1o0n	test
1o33	test
1o38	test
1o5c	test
1o5r	test
1o86	test
1odi	test
1oe8	test
1ogd	test
1owe	test
1p1o	test
1pb9	test
1pbq	test
1pdz	test
1pot	test
1pph	test
1pvn	test
1pxo	test
1q54	test
1qan	test
1qbn	test
1qbs	test
1qbt	test
1qka	test
1qxk	test
1qy1	test
1qy2	test
1r1j	test
1rbp	test
1rr6	test
1s19	test
1s89	test
1siv	test
1ssq	test
1td7	test
1thz	test
1tsy	test
1u71	test
1ugx	test
1uml	test
1uv6	test
1uvt	test
1uz4	test
1v2k	test
1v2t	test
1v2w	test
1w5y	test
1w7g	test
1w9u	test
1wc1	test
1wn6	test
1wuq	test
1x1z	test
1x39	test
1x8t	test
1xff	test
1xow	test
1xt8	test
1y3v	test
1y6r	test
1ydd	test
1ydr	test
1ypj	test
1z1h	test
1z4o	test
1zge	test
1zs0	test
1zvx	test
2a4m	test
2aac	test
2al5	test
2aoe	test
2ayr	test
2bqv	test
2bt9	test
2bvd	test
2bvr	test
2byr	test
2bza	test
2c80	test
2c97	test
2ca8	test
2ces	test
2cex	test
2cn0	test
2dri	test
2ewa	test
2ewb	test
2f7i	test
2f94	test
2fgu	test
2flr	test
2fmb	test
2fqw	test
2fvd	test
2fxv	test
2fzg	test
2h21	test
2h6b	test
2haw	test
2hhn	test
2hs1	test
2i0a	test
2i6b	test
2ihq	test
2isw	test
2j78	test
2j7h	test
2jxr	test
2o4j	test
2on6	test
2p15	test
2p2a	test
2p4j	test
2p4y	test
2p53	test
2pbw	test
2pk5	test
2pog	test
2pqc	test
2pvh	test
2pvj	test
2pvk	test
2pwc	test
2pwd	test
2pwg	test
2pwr	test
2pym	test
2pyn	test
2q2a	test
2q5k	test
2q7q	test
2qbq	test
2qci	test
2qd8	test
2qnn	test
2qrk	test
2qtt	test
2r0h	test
2r59	test
2r5p	test
2rcb	test
2rcn	test
2rd6	test
2ri9	test
2rin	test
2rio	test
2rka	test
2rke	test
2rkg	test
2rkm	test
2usn	test
2uwd	test
2uwp	test
2uxz	test
2uy4	test
2uy5	test
2uyn	test
2uz9	test
2v00	test
2v54	test
2v57	test
2v88	test
2v95	test
2vfk	test
2vh0	test
2vl4	test
2vmd	test
2vmf	test
2vot	test
2vpn	test
2vpo	test
2vqt	test
2vvc	test
2vvs	test
2vvv	test
2vwn	test
2vzr	test
2w4x	test
2wb5	test
2weh	test
2wer	test
2wjg	test
2wly	test
2wm0	test
2wn9	test
2wnc	test
2wor	test
2wq5	test
2wr8	test
2wtv	test
2x00	test
2x7t	test
2x7u	test
2x91	test
2x97	test
2xb8	test
2xbx	test
2xda	test
2xde	test
2xhm	test
2xj1	test
2xj2	test
2xog	test
2xye	test
2y5f	test
2y7x	test
2y80	test
2yaz	test
2yel	test
2yge	test
2yi0	test
2yki	test
2z4o	test
2zda	test
2zfp	test
2zft	test
3a1c	test
3a1e	test
3acw	test
3acx	test
3arx	test
3axz	test
3b2q	test
3b68	test
3be9	test
3bft	test
3bfu	test
3bgc	test
3bgs	test
3bkl	test
3bxg	test
3c39	test
3c8b	test
3cd0	test
3cdb	test
3cj5	test
3cl0	test
3ctt	test
3cyx	test
3cyz	test
3czv	test
3d1x	test
3d1y	test
3d2e	test
3d7k	test
3d7z	test
3da9	test
3dc3	test
3djk	test
3djv	test
3drg	test
3eax	test
3ebl	test
3ebo	test
3eeb	test
3el9	test
3f15	test
3f16	test
3f1a	test
3f33	test
3f37	test
3f3e	test
3f7i	test
3fas	test
3fj7	test
3fuc	test
3fv3	test
3fvn	test
3g0i	test
3g32	test
3g3r	test
3ga5	test
3gbe	test
3gc4	test
3gc5	test
3ge7	test
3gi5	test
3gkz	test
3gr2	test
3gs6	test
3gy2	test
3h89	test
3hku	test
3hkw	test
3hky	test
3hmo	test
3hvj	test
3hzm	test
3i25	test
3i4b	test
3i5z	test
3i60	test
3ibu	test
3ies	test
3ioc	test
3ioe	test
3ip9	test
3iqu	test
3jvr	test
3jvs	test
3jy0	test
3jyr	test
3jzh	test
3k2f	test
3kdm	test
3kmy	test
3kr8	test
3kv2	test
3lp4	test
3lq2	test
3m3c	test
3m6r	test
3mhc	test
3ml2	test
3mxe	test
3myq	test
3n1c	test
3n3j	test
3n76	test
3n9r	test
3ni5	test
3nkk	test
3nox	test
3nq3	test
3nsn	test
3nu6	test
3nu9	test
3o84	test
3o9a	test
3o9d	test
3o9e	test
3oe4	test
3ove	test
3oyw	test
3p3r	test
3p3s	test
3p9m	test
3pcn	test
3pd8	test
3pe1	test
3po1	test
3ppp	test
3q1x	test
3qgy	test
3qkd	test
3qlm	test
3qt6	test
3qx5	test
3r24	test
3r4m	test
3rbu	test
3re4	test
3rf5	test
3rlr	test
3rtf	test
3ryv	test
3rz5	test
3rz8	test
3s0e	test
3s2v	test
3s43	test
3s71	test
3s72	test
3s75	test
3sjf	test
3su4	test
3sue	test
3sus	test
3sv2	test
3sxf	test
3t0b	test
3t0x	test
3t5u	test
3t60	test
3tb6	test
3td4	test
3tf6	test
3tfu	test
3ts4	test
3tsk	test
3u8l	test
3u8n	test
3udh	test
3ueu	test
3ug2	test
3uil	test
3umq	test
3uo4	test
3upk	test
3uxd	test
3v2n	test
3vf7	test
3vh9	test
3vje	test
3vw1	test
3vw2	test
3w07	test
3wgg	test
3wha	test
3wjw	test
3wtm	test
3wvm	test
3zcl	test
3zdh	test
3zhx	test
3zi8	test
3zll	test
3zlr	test
3zps	test
3zqe	test
3zsy	test
3zt3	test
4a4w	test
4a95	test
4aba	test
4abg	test
4acc	test
4afg	test
4agl	test
4agq	test
4ahu	test
4aje	test
4azc	test
4b1j	test
4b2i	test
4b32	test
4b5d	test
4b5t	test
4b6r	test
4b76	test
4b9k	test
4ban	test
4bc5	test
4bps	test
4btk	test
4c1y	test
4c6u	test
4ca6	test
4ca7	test
4cd4	test
4ck3	test
4cp5	test
4crf	test
4cst	test
4cu7	test
4cws	test
4d3h	test
4d4d	test
4d7b	test
4ddm	test
4de0	test
4de1	test
4des	test
4det	test
4dhl	test
4e4n	test
4e70	test
4efk	test
4ej8	test
4ejl	test
4emf	test
4emr	test
4er2	test
4erf	test
4etz	test
4ew3	test
4exs	test
4ezx	test
4f1l	test
4f39	test
4f3c	test
4f3k	test
4f9u	test
4f9w	test
4f9y	test
4fcq	test
4fev	test
4fht	test
4fs4	test
4fxq	test
4fzj	test
4g0y	test
4g4p	test
4g8n	test
4gah	test
4gid	test
4gii	test
4gny	test
4gql	test
4gqq	test
4gr0	test
4h3f	test
4h3j	test
4h42	test
4h75	test
4h85	test
4hzm	test
4i7l	test
4i8n	test
4i8x	test
4i9u	test
4ibb	test
4ibj	test
4iie	test
4isu	test
4iue	test
4ivd	test
4j21	test
4j22	test
4j3l	test
4jpx	test
4jxs	test
4jz1	test
4jzi	test
4k55	test
4k5p	test
4k7i	test
4kax	test
4kmz	test
4kn1	test
4kni	test
4kow	test
4ksy	test
4kwf	test
4kwg	test
4kwo	test
4kx8	test
4kz7	test
4l51	test
4lhv	test
4lj8	test
4lko	test
4llj	test
4llk	test
4lm0	test
4lm1	test
4lm4	test
4loo	test
4m0f	test
4m2w	test
4m8y	test
4mc6	test
4mc9	test
4mdn	test
4mo4	test
4mr3	test
4muv	test
4n6g	test
4nbk	test
4nh7	test
4nh8	test
4nja	test
4np2	test
4np3	test
4nra	test
4nxu	test
4nxv	test
4o05	test
4o0a	test
4o9v	test
4oeu	test
4og3	test
4or4	test
4ovf	test
4p58	test
4p6x	test
4pf5	test
4pfu	test
4pg9	test
4q4p	test
4q87	test
4qgd	test
4qll	test
4qsu	test
4r4o	test
4r5a	test
4rak	test
4rd6	test
4riu	test
4rlu	test
4rra	test
4rrf	test
4rux	test
4ruz	test
4rww	test
4ryd	test
4sga	test
4tkj	test
4tpw	test
4tu4	test
4tun	test
4twp	test
4ty6	test
4u6c	test
4u70	test
4ufj	test
4ufl	test
4ufm	test
4uj2	test
4ujb	test
4umb	test
4uof	test
4uyf	test
4v01	test
4wk1	test
4wkp	test
4x3k	test
4x50	test
4x5p	test
4xiq	test
4xo8	test
4xtx	test
4xty	test
4y3j	test
4ybk	test
4ygf	test
4ymg	test
4ynl	test
4yo8	test
4z1j	test
4zbf	test
4zec	test
4zek	test
4zls	test
4zme	test
4zo5	test
4zv2	test
4zvi	test
4zw5	test
4zw7	test
4zx4	test
4zzz	test
5a2i	test
5am6	test
5am7	test
5amd	test
5aoi	test
5aoj	test
5avf	test
5boj	test
5btv	test
5c1m	test
5c2a	test
5c2o	test
5caq	test
5chk	test
5d1r	test
5d48	test
5dey	test
5dkn	test
5dlx	test
5dqc	test
5dqe	test
5duw	test
5dx4	test
5e28	test
5e2r	test
5e2s	test
5e6o	test
5e89	test
5edb	test
5eek	test
5een	test
5ehv	test
5eij	test
5eis	test
5ep7	test
5eq1	test
5ew0	test
5exl	test
5f1x	test
5f2r	test
5f8y	test
5fdc	test
5fe7	test
5fl5	test
5fl6	test
5fns	test
5fol	test
5fox	test
5fsn	test
5fsx	test
5fyx	test
5g1z	test
5g4n	test
5g57	test
5gmh	test
5h85	test
5ha1	test
5hcv	test
5hcy	test
5hva	test
5hvs	test
5hvt	test
5hwv	test
5hz6	test
5hz8	test
5i1q	test
5i2e	test
5i2f	test
5i88	test
5ia4	test
5ito	test
5ivy	test
5iyy	test
5j1r	test
5j3l	test
5j6l	test
5j6m	test
5j82	test
5ja0	test
5jfp	test
5jfu	test
5jg1	test
5jy3	test
5k1d	test
5ka1	test
5kax	test
5kej	test
5l4m	test
5l7e	test
5l8a	test
5l9i	test
5l9l	test
5lif	test
5llg	test
5lsg	test
5lsh	test
5lvl	test
5lvr	test
5lz5	test
5meh	test
5mgf	test
5mkr	test
5mnr	test
5mrb	test
5my8	test
5n0d	test
5n0f	test
5n17	test
5n31	test
5n34	test
5n3y	test
5nbw	test
5ndf	test
5ne5	test
5njz	test
5nk2	test
5nk6	test
5nk7	test
5nki	test
5nw7	test
5nxg	test
5nxp	test
5nyh	test
5o9q	test
5o9r	test
5oaj	test
5od1	test
5oha	test
5oku	test
5om2	test
5op5	test
5ork	test
5ov8	test
5ovc	test
5ovp	test
5sz2	test
5sz3	test
5sz4	test
5sz7	test
5t7s	test
5t9w	test
5tef	test
5tuz	test
5ty9	test
5tya	test
5u0d	test
5u0e	test
5u11	test
5u14	test
5u49	test
5u8c	test
5uk8	test
5umx	test
5v0n	test
5vcy	test
5vd2	test
5w44	test
5wa9	test
5wal	test
5wbm	test
5wbo	test
5we9	test
5wex	test
5wgp	test
5wmg	test
5wxh	test
5wyz	test
5x54	test
5xsr	test
5xva	test
5xvg	test
5y12	test
5ya5	test
5yhe	test
5yj8	test
5ymx	test
5yqx	test
5yyf	test
5z7j	test
5zc5	test
5zvw	test
5zyg	test
5zyl	test
6a87	test
6ajr	test
6ajz	test
6b1k	test
6b4d	test
6b5q	test
6c0s	test
6c2r	test
6c7w	test
6c7x	test
6c9s	test
6c9v	test
6cbf	test
6cdp	test
6ced	test
6cq1	test
6csr	test
6css	test
6cvf	test
6czc	test
6d1g	test
6d55	test
6d5h	test
6dai	test
6dar	test
6dl2	test
6dpz	test
6dyr	test
6dyu	test
6dyy	test
6ebe	test
6eeo	test
6eif	test
6ekq	test
6eq8	test
6euw	test
6evr	test
6eyt	test
6ezq	test
6f28	test
6f3b	test
6f9v	test
6fcj	test
6fmc	test
6fnj	test
6fui	test
6fuj	test
6fv4	test
6g24	test
6g29	test
6g2b	test
6g2c	test
6g2e	test
6g37	test
6g39	test
6g5u	test
6g98	test
6g9u	test
6gga	test
6gj6	test
6gjw	test
6gvf	test
6gxe	test
6h1u	test
6h29	test
6h2t	test
6h36	test
6h5x	test
6h77	test
6hd6	test
6hgi	test
6hk3	test
6hke	test
6hlx	test
6hly	test
6hqy	test
6htg	test
6i12	test
6i13	test
6i62	test
6i64	test
6i8t	test
6if0	test
6ior	test
6j1l	test
6j9y	test
6jao	test
6jb0	test
6jbe	test
6jon	test
6md0	test
6md6	test
6mh1	test
6mh7	test
6mli	test
6mqe	test
6n5x	test
6nfh	test
6nv7	test
6nw3	test
6nwk	test
6o48	test
6o5g	test
6o5t	test
6o5x	test
6o94	test
6o95	test
6om8	test
6oqc	test
6otg	test
6p3t	test
6p88	test
6p89	test
6pg3	test
6pg5	test
6pg8	test
6pgc	test
6pge	test
6phx	test
6pid	test
6pu3	test
6pvv	test
6pvz	test
6q3q	test
6q4e	test
6q4g	test
6qau	test
6qgg	test
6ql1	test
6qlt	test
6qlu	test
6qpl	test
6qqv	test
6qrc	test
6r13	test
6r1w	test
6r9u	test
6r9x	test
6rfn	test
6rot	test
6s4n	test
6u8o	test
6uh0	test
7std	test
